weekday,day,month,Malware sites detected,Phishing sites detected,Malware sites number,Phishing sites number,Attack sites,Compromised sites,Browser warnings,Search warnings,Webmaster response time,Reinfection rate
6,21,5,1,0,0,0,0,1,0,0,0,0
6,28,5,0,0,0,0,0,0,0,0,0,0
6,4,6,0,0,0,0,0,0,0,0,0,0
6,11,6,0,0,0,0,0,0,0,0,0,0
6,18,6,0,0,0,0,0,0,0,0,0,0
6,25,6,0,0,0,0,0,0,0,0,0,0
6,2,7,0,0,0,0,0,0,0,0,0,0
6,9,7,0,0,0,0,0,0,0,0,0,0
6,16,7,0,0,0,0,0,0,0,0,0,0
6,23,7,0,0,0,0,0,0,0,0,0,0
6,30,7,32,0,63,0,0,32,0,0,45,0
6,6,8,27,0,70,0,0,27,0,0,60,0
6,13,8,0,0,73,0,0,0,0,0,0,0
6,20,8,31,0,79,0,0,31,0,0,68,0
6,27,8,25,0,88,0,0,25,0,0,72,0
6,3,9,49,0,110,0,0,49,0,0,90,0
6,10,9,0,0,143,0,0,0,0,0,0,0
6,17,9,0,0,176,0,0,0,0,0,0,0
6,24,9,37,0,204,0,0,37,0,0,90,0
6,1,10,34,0,228,0,0,34,0,0,90,0
6,8,10,41,0,250,0,0,41,0,0,90,0
6,15,10,46,0,266,0,0,46,0,0,90,0
6,22,10,31,0,289,0,0,31,0,0,90,0
6,29,10,37,0,322,0,0,37,0,0,90,0
6,5,11,50,0,365,0,0,50,0,0,90,0
6,12,11,62,0,415,0,0,62,0,0,90,0
6,19,11,87,0,491,0,16,84,0,0,90,0
6,26,11,106,0,587,0,39,90,0,0,90,2
6,3,12,100,0,681,0,0,84,0,0,90,2
6,10,12,433,0,1004,0,0,418,0,0,90,7
6,17,12,405,0,1406,0,0,390,0,0,90,8
6,24,12,492,0,1849,0,0,480,0,0,90,10
6,31,12,644,0,2415,0,0,644,0,0,90,10
6,7,1,831,0,3123,0,42,822,0,0,90,10
6,14,1,573,0,3702,0,0,564,0,0,90,7
6,21,1,631,0,4258,0,0,622,0,0,90,7
6,28,1,573,0,4780,0,33,563,0,0,90,5
6,4,2,625,0,5287,0,0,615,0,0,90,4
6,11,2,919,0,6085,0,28,916,0,0,90,5
6,18,2,2133,0,7434,0,31,2125,0,0,90,4
6,25,2,2585,0,9774,0,0,2577,0,0,90,3
6,4,3,4613,0,13192,0,0,4605,0,0,87,4
6,11,3,5739,0,18166,0,26,5724,0,0,86,5
6,18,3,5875,0,23576,0,19,5860,0,0,86,4
6,25,3,5297,0,28679,0,0,5287,0,0,86,6
6,1,4,6716,0,34091,0,0,6707,0,0,86,7
6,8,4,6002,0,39596,0,0,5992,0,0,89,9
6,15,4,7253,0,45919,0,0,7251,0,0,89,9
6,22,4,8427,0,52842,0,134,8313,0,0,89,9
6,29,4,10068,0,61520,0,180,9907,0,0,90,9
6,6,5,10520,0,69447,0,241,10293,0,0,90,8
6,13,5,10867,0,75447,0,265,10611,0,0,90,6
6,20,5,10119,0,78836,0,355,9775,0,0,90,5
6,27,5,9556,0,80560,0,285,9281,0,0,90,5
6,3,6,10814,0,81321,0,292,10538,0,0,90,5
6,10,6,12107,0,84343,0,301,11826,0,0,90,6
6,17,6,15037,0,90714,0,336,14724,0,0,90,7
6,24,6,16890,0,99134,0,287,16623,0,0,90,9
6,1,7,17656,0,106838,0,284,17392,0,0,90,10
6,8,7,15912,0,114710,0,278,15662,0,0,90,11
6,15,7,14792,0,120621,0,260,14562,0,0,90,11
6,22,7,12786,0,125830,0,230,12588,0,0,90,11
6,29,7,10631,0,130177,0,218,10445,0,0,90,10
6,5,8,11265,0,136357,0,226,11071,0,0,90,10
6,12,8,10947,0,142604,0,218,10750,0,0,90,10
6,19,8,11181,0,149304,0,212,10983,0,0,90,9
6,26,8,11184,0,155409,0,237,10959,0,0,90,9
6,2,9,13525,0,162150,0,261,13276,0,0,90,9
6,9,9,12546,0,168232,0,250,12307,0,0,90,7
6,16,9,15218,0,173194,0,228,15001,0,0,90,6
6,23,9,15404,0,177229,0,232,15183,0,0,90,6
6,30,9,14364,0,180524,0,210,14162,0,0,90,5
6,7,10,11607,0,182643,0,177,11436,0,0,90,5
6,14,10,11528,0,184520,0,189,11346,0,0,90,6
6,21,10,9560,0,186995,0,240,9335,0,0,90,7
6,28,10,7705,0,189350,0,230,7497,0,0,90,7
6,4,11,7321,0,191305,0,234,7116,0,0,90,8
6,11,11,7137,0,192815,0,241,6931,0,0,90,8
6,18,11,6190,3800,194224,206216,225,5997,0,0,90,9
6,25,11,4488,4676,194420,205274,173,4340,0,0,90,9
6,2,12,7958,11072,195545,206974,206,7774,0,0,90,9
6,9,12,8990,11667,197410,209317,192,8814,0,0,90,9
6,16,12,10462,11906,199433,210904,216,10301,0,0,90,9
6,23,12,11064,12574,201594,213107,225,10895,0,0,90,8
6,30,12,11808,12996,203765,215273,237,11627,0,0,90,7
6,6,1,10405,11386,205085,216640,206,10252,0,0,90,6
6,13,1,13221,13312,207503,218947,233,13042,0,0,90,6
6,20,1,12807,12461,211089,197036,225,12593,0,0,90,6
6,27,1,14627,11707,215983,156197,221,14418,0,0,90,7
6,3,2,21387,10825,224258,115848,226,21175,0,0,90,8
6,10,2,21733,8308,234468,75121,216,21532,0,0,90,9
6,17,2,18825,4340,242654,32326,198,18642,0,0,90,8
6,24,2,18949,10711,248350,17774,185,18780,0,0,89,8
6,2,3,18069,10744,250887,25490,193,17890,0,0,88,7
6,9,3,15234,10848,249518,33257,233,15014,0,0,85,7
6,16,3,19067,10858,247046,41246,273,18807,0,0,82,6
6,23,3,21002,10806,244892,49491,280,20735,0,0,77,6
6,30,3,23199,3315,243563,53638,275,22937,0,0,73,5
6,6,4,24028,3241,243958,54509,299,23745,0,0,68,5
6,13,4,21391,3255,245066,55351,270,21136,0,0,64,6
6,20,4,16247,4075,244379,56384,254,16010,0,0,59,8
6,27,4,15999,4095,243467,56899,262,15773,0,0,53,8
6,4,5,15318,4093,241761,57328,273,15079,0,0,47,8
6,11,5,15979,4036,238185,57690,243,15767,0,0,42,9
6,18,5,15310,3878,230367,54760,250,15091,0,0,36,9
6,25,5,18337,3099,220115,46881,265,18102,0,0,31,9
6,1,6,17564,3265,204779,38790,280,17299,0,0,26,10
6,8,6,18585,3536,183977,30282,324,18288,0,0,22,13
6,15,6,20413,3769,160161,22035,361,20085,0,0,20,18
6,22,6,27625,3901,141379,17104,373,27289,0,0,19,21
6,29,6,32133,4161,128391,17063,393,31783,0,0,19,25
6,6,7,35622,4018,121492,17503,424,35241,0,0,20,28
6,13,7,38524,3735,120707,18064,399,38160,0,0,21,28
6,20,7,40078,4602,125023,18467,390,39722,0,0,20,27
6,27,7,37856,4467,129565,18832,395,37494,0,0,20,27
6,3,8,34036,4162,131407,18541,342,33724,0,0,21,24
6,10,8,32198,4162,131719,18059,295,31934,0,0,21,23
6,17,8,34084,4213,134612,17752,286,33826,0,0,19,22
6,24,8,33150,3310,139176,17293,266,32911,0,0,20,23
6,31,8,28968,3531,137277,16839,249,28746,0,0,20,23
6,7,9,28287,3697,133638,16766,256,28054,0,0,22,25
6,14,9,27971,3835,131088,16828,256,27735,0,0,25,24
6,21,9,23257,3903,127548,17054,270,23008,0,0,29,24
6,28,9,22458,3745,123629,17369,252,22223,0,0,31,23
6,5,10,23303,3725,126669,17652,242,23081,0,0,32,23
6,12,10,20494,3780,130121,17891,240,20273,0,0,30,23
6,19,10,21056,3946,133666,18205,230,20845,0,0,27,24
6,26,10,21979,4224,138843,18641,211,21786,0,0,26,25
6,2,11,22298,6689,143234,19546,219,22096,0,0,22,27
6,9,11,26784,6766,146827,19829,230,26573,0,0,20,26
6,16,11,29663,6703,151715,20045,238,29447,0,0,17,27
6,23,11,30700,6533,155082,20135,255,30468,0,0,17,26
6,30,11,29023,6466,154034,20170,285,28763,0,0,16,24
6,7,12,28161,4350,151716,19775,331,27856,0,0,18,22
6,14,12,24377,4305,148839,19968,346,24056,0,0,19,23
6,21,12,24315,4664,146053,20198,355,23986,0,0,21,24
6,28,12,23161,4564,145125,20318,331,22855,0,0,21,26
6,4,1,26891,4903,145641,20487,326,26590,0,0,23,28
6,11,1,30167,4851,149139,20703,294,29899,0,0,23,28
6,18,1,33930,4878,154303,20871,292,33664,0,0,24,28
6,25,1,36583,4848,160915,21330,290,36319,0,0,25,28
6,1,2,36640,5290,166809,22372,303,36362,0,0,25,27
6,8,2,32335,5411,171329,23377,297,32061,0,0,23,25
6,15,2,29267,5703,172541,24432,290,28998,0,0,21,24
6,22,2,26753,6509,171486,26058,313,26459,0,0,19,25
6,1,3,26970,6498,169698,27930,335,26654,0,0,17,25
6,8,3,28120,6927,166607,29795,342,27799,0,0,16,27
6,15,3,31720,7287,165059,32070,363,31380,0,0,16,26
6,22,3,34233,13608,165546,36740,395,33864,0,0,15,26
6,29,3,33153,16892,164851,39848,442,32740,0,0,15,25
6,5,4,29741,18491,161768,43304,417,29348,0,0,15,24
6,12,4,30611,17923,159279,46471,474,30162,0,0,14,23
6,19,4,32679,17548,157982,48694,508,32214,0,0,14,24
6,26,4,34445,11827,157168,47899,511,33987,0,0,13,26
6,3,5,35720,8824,158013,47735,463,35326,0,0,13,28
6,10,5,40271,8241,159616,46844,490,39864,0,0,12,30
6,17,5,55139,9460,167366,46166,490,54742,0,0,13,31
6,24,5,57299,10628,177435,47137,440,56932,0,0,13,31
6,31,5,61376,11631,187020,49339,437,61011,0,0,14,31
6,7,6,70676,12273,198790,52638,476,70265,0,0,16,31
6,14,6,76845,12173,213813,55785,450,76451,0,0,17,31
6,21,6,70557,12934,227503,59481,428,70183,0,0,18,30
6,28,6,63774,11686,234303,61114,393,63435,0,0,19,30
6,5,7,64981,11010,241228,61249,424,64605,0,0,20,30
6,12,7,59036,11524,246362,61065,444,58633,0,0,21,31
6,19,7,55616,11729,250013,61002,513,55147,0,0,22,30
6,26,7,58650,10504,254278,59382,531,58163,0,0,22,32
6,2,8,69663,10904,266576,58593,610,69100,0,0,23,32
6,9,8,68370,11867,279481,59574,637,67786,0,0,23,31
6,16,8,74659,10719,295330,58487,618,74097,0,0,24,30
6,23,8,70778,10781,310541,57323,669,70167,0,0,24,28
6,30,8,62228,11624,320428,57474,745,61538,0,0,24,27
6,6,9,54080,12041,324192,58250,758,53378,0,0,23,26
6,13,9,46355,11564,320973,57410,722,45683,0,0,21,27
6,20,9,44421,11407,310784,58183,757,43713,0,0,19,28
6,27,9,47706,11534,299363,58748,724,47027,0,0,17,32
6,4,10,45258,11068,285284,59102,683,44619,0,0,16,35
6,11,10,53292,10892,272941,58441,703,52632,0,0,14,40
6,18,10,57970,10380,264624,57407,790,57236,0,0,14,40
6,25,10,54864,10441,259633,56347,823,54105,0,0,15,39
6,1,11,53361,10966,257955,55610,819,52607,0,0,16,37
6,8,11,59347,10373,261168,53890,978,58465,0,0,18,35
6,15,11,57076,11034,267971,53401,1081,56108,0,0,20,30
6,22,11,53084,11356,275342,54427,1173,52035,0,0,21,28
6,29,11,48515,11517,281171,55347,1279,47376,0,0,22,28
6,6,12,43867,10088,280703,55107,1339,42681,0,0,21,27
6,13,12,38306,10671,276558,55245,1306,37145,0,0,21,25
6,20,12,29582,10797,267024,54477,1319,28403,0,0,21,24
6,27,12,27491,9898,256232,52814,1218,26387,0,0,23,25
6,3,1,24961,10949,245448,50179,1111,23935,0,0,23,26
6,10,1,22993,11659,237432,47634,1142,21920,0,0,23,26
6,17,1,18098,12211,230252,44933,1095,17045,0,0,22,27
6,24,1,17205,10688,223956,41316,1059,16179,0,0,22,27
6,31,1,23772,10939,222067,37530,1166,22649,0,0,19,28
6,7,2,29323,9518,226279,34794,1247,28140,0,0,18,27
6,14,2,31272,9060,231479,32766,1272,30089,0,0,17,26
6,21,2,35012,8470,234664,31976,1412,33722,0,0,17,26
6,28,2,38565,8771,238892,31821,1537,37163,0,0,17,26
6,7,3,33949,8316,239233,32040,1699,32395,0,0,17,25
6,14,3,31452,8961,234659,32640,1862,29730,0,0,16,24
6,21,3,33708,8415,231447,33550,2074,31811,0,0,16,27
6,28,3,38262,7801,233542,33256,2185,36292,0,0,17,28
6,4,4,46553,8128,239300,33328,2333,44505,0,0,18,30
6,11,4,47732,8256,247363,33542,2330,45790,0,0,20,28
6,18,4,49627,7621,256856,33206,2261,47849,0,0,23,28
6,25,4,48770,8183,265333,32792,2139,47098,0,0,25,27
6,2,5,44549,7951,270771,32557,2023,42968,0,0,27,24
6,9,5,41034,7280,276786,31974,1912,39531,0,0,29,22
6,16,5,40849,8542,283709,32023,1944,39260,0,0,30,22
6,23,5,38497,9264,289673,33258,1916,36895,0,0,31,21
6,30,5,37173,10535,294195,35324,1852,35629,0,0,31,21
6,6,6,38348,11454,299349,37855,1797,36842,0,0,31,22
6,13,6,37016,12655,298396,40693,1783,35492,0,0,30,21
6,20,6,36073,12765,294196,43479,1588,34705,0,0,29,23
6,27,6,42648,12636,292179,45220,1544,41280,0,0,29,24
6,4,7,42947,11395,290813,45443,1521,41593,0,0,28,25
6,11,7,40648,11626,287271,45135,1504,39317,0,0,28,25
6,18,7,34953,10985,283360,44877,1410,33732,0,0,27,26
6,25,7,35057,10284,278937,43122,1407,33845,0,0,27,26
6,1,8,32128,10598,272693,42023,1401,30935,0,0,26,25
6,8,8,36736,13692,268337,43523,1432,35520,0,0,25,26
6,15,8,40211,15362,267998,47104,1433,38988,0,0,25,28
6,22,8,43973,16745,269553,50394,1423,42766,0,0,25,28
6,29,8,46222,18620,273783,55901,1504,44984,0,0,25,30
6,5,9,42585,20283,277682,62239,1658,41226,0,0,25,30
6,12,9,39201,19176,279234,68099,1946,37603,0,0,25,30
6,19,9,41682,19363,281926,73057,2278,39824,0,0,26,28
6,26,9,37513,19615,283381,78546,2178,35738,0,0,26,27
6,3,10,36000,19299,283517,82784,2235,34129,0,0,26,27
6,10,10,37473,20871,284774,86452,2221,35599,0,0,26,26
6,17,10,38167,20646,286776,89075,2079,36401,0,0,27,23
6,24,10,32176,20700,286191,90639,1952,30490,0,0,27,24
6,31,10,33615,24330,287809,92749,2580,31343,9948431,0,27,23
6,7,11,31072,24247,290288,95817,2820,28590,23188859,0,28,21
6,14,11,28068,24069,291796,96705,3007,25435,25364067,0,28,20
6,21,11,23522,31064,292886,100393,2844,21058,27597524,0,29,20
6,28,11,21129,29446,293141,104949,2742,18754,28363645,0,29,19
6,5,12,18869,25646,292138,108723,2304,16933,32413804,0,29,25
6,12,12,17819,25775,290641,111293,1948,16224,30819672,0,29,25
6,19,12,19018,23831,290572,115581,1773,17590,29885058,0,28,26
6,26,12,19173,15405,291504,115613,1814,17717,27477333,0,28,25
6,2,1,18619,15166,293020,113625,1729,17248,26578727,0,27,26
6,9,1,17864,15269,294410,112386,1684,16505,25656635,0,27,21
6,16,1,17606,15389,295063,111554,1728,16181,25022617,0,27,20
6,23,1,16071,15249,294254,111316,1691,14649,25372987,0,26,19
6,30,1,17324,18017,293268,111972,1785,15813,25993829,0,25,20
6,6,2,18209,19206,292047,113963,1880,16642,25785849,0,24,19
6,13,2,19890,20290,291730,115644,2074,18192,25412946,0,24,19
6,20,2,20186,20346,292188,116893,2138,18460,25134954,0,23,20
6,27,2,20276,20389,292996,116772,2199,18511,24527885,0,23,20
6,6,3,19110,20087,293671,113051,2221,17333,23233026,0,24,20
6,13,3,19109,19344,294668,108967,2241,17304,22024326,0,24,21
6,20,3,18609,18783,295637,104705,2284,16757,21085138,0,24,21
6,27,3,20447,18859,297361,101072,2391,18556,20159284,0,25,21
6,3,4,20607,18724,299725,98565,2486,18731,19557150,0,25,20
6,10,4,20497,21641,301872,101361,2417,18758,19612082,0,25,20
6,17,4,20488,21711,303728,102890,2346,18851,19018388,0,25,19
6,24,4,21081,20551,305371,103482,2289,19525,19086814,0,24,18
6,1,5,23437,20210,307492,103270,2167,21895,19905512,0,24,18
6,8,5,28936,19680,311925,102047,2063,27365,21059918,0,23,17
6,15,5,30129,15393,316560,98783,2060,28465,21296213,0,23,17
6,22,5,30120,16114,321270,97199,2114,28336,21964555,0,23,17
6,29,5,29736,17159,325662,96038,2029,27947,22566173,0,23,16
6,5,6,26266,17190,329247,94144,2014,24498,21715470,0,24,16
6,12,6,19881,18287,329676,92413,2005,18264,20780056,0,25,17
6,19,6,19783,18630,330808,91684,2026,18147,20763319,0,25,18
6,26,6,18844,19375,331849,91859,1939,17298,20330582,0,26,17
6,3,7,17245,20242,332426,92803,1777,15871,19013422,0,26,18
6,10,7,15043,19952,331893,94963,1666,13783,16060090,0,27,18
6,17,7,13651,19039,330710,97798,1434,12469,14065012,0,27,17
6,24,7,11196,18124,328260,99945,1231,10179,12778391,0,26,16
6,31,7,10281,16729,325444,100135,1075,9375,11522740,0,25,16
6,7,8,9672,15291,322688,98991,1095,8706,11092209,0,24,16
6,14,8,10296,13875,319966,96395,1021,9368,13380658,0,23,19
6,21,8,11324,13241,317899,92051,1035,10350,15026595,0,21,20
6,28,8,11037,12475,315955,86802,1063,10012,15196326,0,20,21
6,4,9,10922,11679,314232,81476,1130,9832,16020846,0,19,22
6,11,9,11439,10768,312892,76584,1059,10427,17165964,0,19,22
6,18,9,11542,11328,312573,72956,1070,10514,17483279,0,18,21
6,25,9,10156,11525,312476,70119,1016,9178,16489269,0,19,21
6,2,10,11610,11826,313045,67925,995,10652,15575047,0,19,22
6,9,10,12854,12233,314251,67119,985,11902,15019550,0,19,22
6,16,10,15917,12345,316812,67065,1084,14863,14740785,0,19,22
6,23,10,17994,12121,320242,67466,1196,16830,14745639,0,20,22
6,30,10,21130,11452,324258,68127,1318,19846,14530786,0,21,22
6,6,11,23004,11338,329176,69099,1426,21616,15987935,0,21,21
6,13,11,22031,11145,332938,69500,1515,20557,16924649,0,21,21
6,20,11,18800,10933,334465,69441,1488,17348,16347945,0,21,20
6,27,11,17018,10707,334028,68936,1468,15575,15588494,0,21,19
6,4,12,15802,10768,332358,68432,1419,14408,16361247,0,19,18
6,11,12,15653,11963,330023,67650,1543,14132,18555711,0,21,19
6,18,12,16240,13209,328756,67905,1544,14715,19879010,0,25,19
6,25,12,17031,14118,328958,69254,1553,15495,22043899,0,29,19
6,1,1,16767,15264,330310,71796,1522,15260,23893972,0,32,20
6,8,1,15682,16704,332217,75712,1524,14168,24068695,0,35,20
6,15,1,14256,16510,333843,80716,1386,12878,23441609,0,37,19
6,22,1,14543,15940,335463,85736,1412,13146,22998795,0,37,17
6,29,1,14234,16308,336911,90637,1400,12854,23028761,0,36,15
6,5,2,15433,16384,338625,95550,1474,13979,23545895,0,34,14
6,12,2,17223,16131,334714,99589,1562,15683,24343824,0,34,14
6,19,2,17276,16270,319063,102678,1657,15642,24167516,0,34,13
6,26,2,18204,16893,293316,105256,1705,16518,25160810,0,34,13
6,4,3,20081,17222,266741,107205,1792,18303,25291750,0,35,13
6,11,3,19552,17563,239402,108443,1833,17734,26805220,0,38,13
6,18,3,21269,18032,218462,110024,1937,19348,28578908,0,41,14
6,25,3,22607,19712,210143,112746,1967,20656,29692804,0,42,15
6,1,4,22208,20559,211597,116188,2033,20188,30726899,0,43,15
6,8,4,21842,21689,213844,119623,2282,19577,32452311,100404844,43,15
6,15,4,23214,22229,216727,122681,2359,20873,32594277,98263981,39,16
6,22,4,25202,22458,221034,125028,2296,22931,32390149,98733888,40,16
6,29,4,25464,21287,225139,125731,2351,23141,34866909,101347234,38,16
6,6,5,26415,20649,229333,125119,2488,23959,36553936,107485610,39,17
6,13,5,25296,19852,233104,124009,2188,23141,39703992,108912911,33,18
6,20,5,23990,20145,236212,122681,2040,21983,45519654,109110328,30,17
6,27,5,21620,19982,237041,120366,2177,19468,52320654,110364161,26,18
6,3,6,22825,19872,238232,117847,2163,20682,47437636,111936292,26,18
6,10,6,24055,19541,239357,115308,1983,22090,46714649,108637574,25,19
6,17,6,27697,19131,240488,112761,2021,25695,55414799,110612763,27,20
6,24,6,33962,18428,243855,111077,2133,31850,62652755,118445633,32,21
6,1,7,42955,18714,251204,110022,2039,40958,58264078,132659445,30,21
6,8,7,54698,18889,263352,109402,2435,52329,61280711,175746935,27,20
6,15,7,61997,19147,280316,108557,2718,59348,64165701,208979347,25,18
6,22,7,63316,19523,299592,108132,2893,60490,51495761,224010694,32,17
6,29,7,61571,20391,318283,107671,3050,58585,31699808,231880124,30,17
6,5,8,53792,20360,334270,108052,3162,50676,31014683,229489864,32,17
6,12,8,40813,20641,344288,109329,2980,37858,32480461,192713413,35,17
6,19,8,32985,21200,346869,111741,2922,30085,29498984,157501688,38,19
6,26,8,31863,20915,345048,114940,3166,28717,29807075,146174559,30,20
6,2,9,32626,20232,339231,117973,3175,29473,34977941,133552616,34,20
6,9,9,31470,23946,330729,121715,3048,28443,32804021,120616300,34,19
6,16,9,33435,22619,320819,124340,2859,30594,29238943,111244825,38,18
6,23,9,33164,20073,312788,125233,2876,30306,26528286,110157394,39,17
6,30,9,33280,18100,306823,123728,2932,30367,23306774,100448047,45,16
6,7,10,32005,16207,305251,120911,3264,28758,21179839,99457636,43,17
6,14,10,32744,15340,306247,117122,3975,28787,18326720,97290109,47,17
6,21,10,33186,15764,309454,114336,4723,28481,16606035,94342432,40,17
6,28,10,35917,20022,315370,111464,5454,30488,15628704,99494720,42,17
6,4,11,36251,22292,323018,109435,5867,30412,15935872,104840037,40,17
6,11,11,38246,23698,330306,108317,6192,32083,16293962,105448276,39,16
6,18,11,37420,20265,336188,107385,6070,31382,16492899,106805133,42,15
6,25,11,35108,21204,340521,106681,5910,29232,16831222,108646102,49,16
6,2,12,33252,18887,343200,107491,5594,27685,14759209,105247356,45,16
6,9,12,33777,18414,345486,109067,5408,28396,12229652,103392107,43,17
6,16,12,32372,18008,348680,108687,5275,27124,12249248,101180888,44,17
6,23,12,32634,17115,352956,106458,5093,27566,12702262,113019560,38,16
6,30,12,33786,15706,358513,103065,4600,29212,12567053,127805273,31,16
6,6,1,33043,15202,363003,99552,4317,28759,13942648,128643840,27,15
6,13,1,29688,15593,365072,96063,3898,25821,16344098,134197305,25,14
6,20,1,26529,16638,363461,94766,3322,23253,15296329,145995692,26,14
6,27,1,26983,17548,361103,94369,3235,23861,13871761,138283417,33,14
6,3,2,26039,19148,357529,94715,3338,22853,15144548,131554745,34,14
6,10,2,29657,19152,354955,94806,3376,26435,14109337,127364749,35,14
6,17,2,32462,19258,354844,95104,3721,29133,12633490,122221260,45,15
6,24,2,35473,18648,356418,95362,4274,31818,12303459,115783878,52,15
6,3,3,36522,18051,358684,95983,4391,32916,11730098,113003284,38,16
6,10,3,38117,17112,361080,96610,4603,34420,11272421,103711358,44,16
6,17,3,37988,17332,364845,97373,4710,34307,14281418,106165147,50,16
6,24,3,34628,16497,366395,96861,4602,30950,16157168,100937799,48,15
6,31,3,33605,16356,367580,95877,4663,29864,18869983,95548728,48,14
6,7,4,33211,16470,368150,94532,4787,29303,24580226,94793638,51,13
6,14,4,31898,16806,369136,92973,4791,27995,24755860,93760831,52,13
6,21,4,27075,16702,367124,91442,4651,23266,24486425,87787224,53,13
6,28,4,29710,16191,364239,90142,4603,25992,26002078,78881934,52,14
6,5,5,28419,16810,361710,89653,4144,25127,29273112,63509124,51,14
6,12,5,30353,18131,360694,90736,3937,27273,27813983,49536617,53,15
6,19,5,31491,18050,359108,92586,3765,28534,29552799,39197400,48,15
6,26,5,35338,19473,359316,95008,3673,32544,30341948,37301479,40,15
6,2,6,40901,23248,363536,100655,3820,37993,32294443,49877030,36,15
6,9,6,42378,24891,366824,107834,3891,39247,30420347,59294162,33,14
6,16,6,41957,25949,368482,115745,3966,38638,30516237,65915862,39,13
6,23,6,38836,27247,370128,123559,3529,35861,30621249,69927371,47,13
6,30,6,36277,26970,369996,132282,3344,33407,31406847,72639280,58,12
6,7,7,28379,26605,365115,139908,2865,25827,30051350,63437964,59,12
6,14,7,25044,28737,360173,149235,2681,22675,28796973,59084738,59,12
6,21,7,20845,29636,354649,157451,2481,18633,29083874,55512754,56,12
6,28,7,19930,30684,347252,164014,2728,17471,29223977,52421375,59,11
6,4,8,17532,31411,339420,167939,2449,15295,28893959,46036223,53,10
6,11,8,17119,30518,332484,170317,2243,15061,26971471,42324989,54,9
6,18,8,17985,29998,325965,171078,2979,15171,25757494,39699126,55,9
6,25,8,24323,28644,320762,168990,3875,20682,23579804,39448664,54,9
6,1,9,26517,27593,316375,168013,4109,22670,21100406,41604452,45,9
6,8,9,29900,27617,313521,166580,4746,25476,19274151,43237112,41,10
6,15,9,36069,27996,314559,163282,5282,31196,19136138,46121639,38,12
6,22,9,40225,25938,315971,157166,5060,35778,20486757,50966943,35,13
6,29,9,36597,25974,316180,153229,4465,32722,21831313,52789599,30,15
6,6,10,37018,25377,316205,148808,4486,33163,22206724,54652519,27,15
6,13,10,33889,24647,313083,145696,4412,30067,22039050,54290256,24,14
6,20,10,26227,23872,304159,144740,4004,22735,21799664,55701705,21,12
6,27,10,20143,23432,292139,144385,3406,17033,20126331,50810948,18,11
6,3,11,15292,23717,278156,144011,2777,12745,17492160,46319590,17,9
6,10,11,12588,24951,264643,143942,2417,10335,16551389,41138141,16,9
6,17,11,13763,24460,254249,143369,2085,11825,16138491,35966459,15,9
6,24,11,14317,24011,246193,142365,2023,12447,15290751,31852318,15,10
6,1,12,14348,24106,240335,141621,1762,12748,14450203,30837314,15,9
6,8,12,17146,23486,236506,141138,1656,15669,16366554,32094146,15,9
6,15,12,18938,25829,233406,143477,1579,17549,24006969,34011474,15,12
6,22,12,18406,25304,229118,142829,1501,17103,25189479,36230569,15,14
6,29,12,17342,25133,224267,141606,1392,16130,25292547,35805249,15,15
6,5,1,26554,24877,238127,140257,1472,25258,26467485,34334101,24,18
6,12,1,53501,25490,239271,139251,1567,52114,25481274,35384882,34,20
6,19,1,53543,22386,239575,135906,1380,52305,18408450,36850113,34,20
6,26,1,55380,23165,240745,136276,1221,54315,16362498,37100540,34,18
6,2,2,57877,23887,243245,137195,1206,56843,16665651,40589365,34,17
6,9,2,48788,23679,225204,137384,1122,47826,17654391,47938926,24,14
6,16,2,18840,23554,218007,138067,981,18001,16414420,45310051,15,13
6,23,2,16492,24374,210564,139980,985,15656,16394853,39568086,15,10
6,2,3,14126,25862,202237,141841,1050,13216,20367218,35676110,15,10
6,9,3,11358,24092,192695,141828,1033,10447,21575752,29017785,15,9
6,16,3,12954,25471,185567,143138,1101,11981,21619350,22486086,15,8
6,23,3,18567,25634,182061,143065,1326,17388,23500578,22857696,15,8
6,30,3,19165,24827,179427,141329,1439,17872,22601669,23727902,15,9
6,6,4,18335,23440,176423,138851,1364,17098,18356065,23944771,15,9
6,13,4,18614,24783,174313,138383,1347,17386,16127043,24845405,15,10
6,20,4,18345,23438,172798,137321,1561,16922,13662120,23760140,15,10
6,27,4,13137,23858,169195,136823,1324,11931,11468047,21186836,15,10
6,4,5,12616,24132,165802,136711,1162,11571,12309886,21094391,15,9
6,11,5,14786,24628,165617,136981,1240,13690,13425170,21568290,15,10
6,18,5,18454,24864,167464,137013,1316,17322,14177978,26679111,15,11
6,25,5,18420,24817,168427,136131,957,17629,15735517,29936753,15,12
6,1,6,17737,25086,168256,136414,896,16998,15782475,31108395,15,12
6,8,6,16970,24232,168045,136025,867,16261,14832739,29993512,15,12
6,15,6,14857,23810,166380,136490,719,14269,13030120,29905122,16,12
6,22,6,11316,24129,163324,137466,562,10865,12210551,32812167,16,11
6,29,6,8447,23568,160008,138326,515,8035,11776252,29314281,17,12
6,6,7,8421,22927,158072,139204,510,8013,12563690,27236770,19,13
6,13,7,9305,24299,157109,141516,518,8891,12903491,27013428,19,13
6,20,7,10267,25457,156150,142985,524,9851,20651776,30978814,31,13
6,27,7,9980,25132,155691,143687,541,9528,23705135,23307015,43,13
6,3,8,10592,25653,155888,143712,565,10105,24899667,30373832,47,13
6,10,8,10389,24327,156184,140850,598,9865,25981766,36501071,48,13
6,17,8,9871,23565,156425,136333,632,9306,29966689,43260278,55,12
6,24,8,8312,22245,156941,131774,628,7743,26227851,45537473,54,12
6,31,8,11531,23993,159446,129406,1089,10522,28864827,49710824,42,12
6,7,9,13456,24753,163272,127288,1226,12319,30866844,48686342,37,13
6,14,9,15952,26765,167376,126743,1450,14589,34122260,60096995,34,13
6,21,9,18689,26596,171966,126882,1726,17048,33059895,60398939,32,12
6,28,9,21445,27049,177391,128348,2069,19475,30987542,60511768,35,11
6,5,10,20082,26261,181070,128628,1820,18336,27330132,60123325,50,10
6,12,10,19177,25500,183606,127466,1847,17398,25380370,59454650,64,9
6,19,10,18197,23306,186851,125519,1862,16407,23128662,51633260,79,9
6,26,10,17332,22885,191415,123440,1900,15509,21832207,52131426,90,8
6,2,11,15664,22146,195365,120635,1886,13841,24758079,51235007,90,9
6,9,11,16283,20286,200418,116515,2094,14262,24520894,51310234,90,9
6,16,11,20480,19993,208427,115101,2676,17942,23316715,48065543,90,9
6,23,11,21251,20697,216283,115077,2820,18600,21548794,45252061,90,8
6,30,11,21066,20544,222970,114844,2821,18431,20620128,41511323,90,8
6,7,12,21719,20980,230130,115209,2954,18983,16711371,38080821,90,8
6,14,12,27590,21340,240085,116154,3115,24697,16391366,37649661,77,7
6,21,12,32595,22130,252598,117900,2507,30263,17135470,38890205,64,7
6,28,12,31157,22359,263286,117420,2146,29156,17758429,37352998,64,7
6,4,1,32565,23068,274527,116137,3908,28784,18294805,40351905,64,6
6,11,1,31496,23491,282306,115484,3663,27921,19610030,41070575,64,5
6,18,1,23976,24876,285700,115806,3091,20953,20061464,40388653,78,4
6,25,1,13981,24791,282429,114626,2957,11079,20709381,39710063,90,3
6,1,2,15314,25555,279267,115746,2955,12409,21903353,38954932,90,3
6,8,2,12284,25020,273574,117538,841,11486,22441673,35031214,90,3
6,15,2,12999,23940,270907,118045,812,12237,23456137,35036656,90,3
6,22,2,12696,22846,267081,117783,770,11984,23616185,34650522,90,3
6,1,3,12390,23721,263242,119494,742,11703,22666975,34584827,90,3
6,8,3,10561,22407,260083,121660,708,9915,20973192,32956318,90,3
6,15,3,11304,23424,258340,125613,735,10642,19551239,32345579,90,3
6,22,3,10725,26468,256538,129071,621,10209,17068291,31462730,90,3
6,29,3,10035,26654,255784,132405,618,9520,15551608,29985243,90,3
6,5,4,11157,28100,257597,133229,613,10642,14688791,27759038,90,3
6,12,4,11927,32468,260175,138100,612,11404,14734218,26853476,90,2
6,19,4,12154,35848,263588,141657,637,11598,14397174,26593974,90,2
6,26,4,12622,34597,268144,143076,664,12011,13798014,25718614,90,4
6,3,5,14647,37388,274811,148495,800,13905,13643951,25785289,90,6
6,10,5,14089,37598,281018,152198,827,13321,13514328,24431358,90,7
6,17,5,14977,33571,288085,150420,881,14159,13130100,25755807,90,7
6,24,5,15079,28187,295291,146894,854,14291,13352651,26841094,90,8
6,31,5,18147,26455,304154,143158,706,17501,14047243,26716558,90,8
6,7,6,17392,22644,312281,134150,590,16866,13932255,26693299,90,9
6,14,6,17747,18784,320378,126553,498,17308,13634538,28846796,90,10
6,21,6,15175,19234,328657,119848,355,14876,13676383,27673324,90,12
6,28,6,13969,19836,336951,114402,0,13718,13176700,26081288,90,13
6,5,7,11421,19956,343742,113132,0,11174,13142632,25733964,90,14
6,12,7,13369,19439,351659,114122,303,13154,13367728,25412399,90,13
6,19,7,14305,20322,360585,118574,301,14036,13222767,26820006,90,13
6,26,7,17765,19939,370337,119611,350,17345,12805506,28826021,90,13
6,2,8,18947,21043,380420,124823,473,18428,12786666,29630267,90,12
6,9,8,20751,21284,391066,130684,628,20140,12677779,30649246,90,10
6,16,8,19589,22382,400774,137712,708,18893,12083582,33056404,90,10
6,23,8,21384,21485,411370,144737,869,20531,12460953,34734956,90,11
6,30,8,20819,22501,421754,157103,935,19903,12626681,36491216,88,11
6,6,9,21146,21621,432233,167314,995,20175,12562520,39388706,84,13
6,13,9,19866,21494,442272,177584,1096,18807,12516013,42374573,83,16
6,20,9,19681,27162,452159,187773,1168,18546,13148627,42803570,83,15
6,27,9,20568,27363,462419,198116,1448,19179,12967077,44716171,77,18
6,4,10,19507,25757,471463,208060,1496,18069,13449677,44047165,75,18
6,11,10,21408,26733,479971,217860,1636,19829,13205378,43636314,73,17
6,18,10,21505,27318,489407,226473,1614,19938,13077794,42479420,69,16
6,25,10,21456,22177,489801,231496,1660,19844,12489082,41941776,63,15
6,1,11,25842,23349,484130,233096,1448,24430,12015964,41352928,63,12
6,8,11,26977,24387,474415,233952,1336,25679,12765109,43149355,61,11
6,15,11,26129,23739,462667,235344,1162,25005,16226148,44633889,61,9
6,22,11,25077,24079,447236,238316,1065,24050,18187695,46204200,60,9
6,29,11,23689,23493,437546,244043,969,22755,21957349,45716680,60,10
6,6,12,15995,23088,428744,251982,826,15181,25461037,42913722,60,9
6,13,12,14375,24131,419928,261123,887,13499,27455177,39275299,60,8
6,20,12,12423,24366,408339,268086,929,11504,25352657,34936655,60,8
6,27,12,11603,23849,394490,272109,989,10624,25346355,30660172,60,8
6,3,1,11033,23344,378523,275353,917,10126,23916205,30332171,60,8
6,10,1,9763,23984,361197,278992,847,8927,22133020,30219530,60,9
6,17,1,9139,23572,344049,280372,780,8368,21166111,30011094,60,9
6,24,1,8181,24271,327449,282738,708,7479,23448092,27424883,60,10
6,31,1,11573,25512,313416,287511,700,10881,26375509,29496289,53,10
6,7,2,13326,26927,301113,293747,740,12597,29370376,29793291,49,11
6,14,2,15503,52924,291040,314335,760,14755,32216022,30632252,44,12
6,21,2,20493,53036,285496,330634,772,19737,35073659,35352142,40,14
6,28,2,24090,51586,283609,352764,760,23350,40760383,44353813,38,16
6,6,3,19592,53732,282791,374523,601,19004,46195512,45969212,45,18
6,13,3,21478,52142,285654,379284,631,20860,50079599,45662832,50,19
6,20,3,21718,25597,290704,366746,730,21001,53390320,44837256,55,20
6,27,3,18077,39493,295510,360368,659,17428,57101380,40290733,60,21
6,3,4,16127,43987,299790,365149,638,15495,56489352,34191808,64,21
6,10,4,18757,42663,305265,368125,723,18041,58242260,30868003,64,23
6,17,4,20231,46854,311994,389505,733,19507,57911894,31508744,63,25
6,24,4,22342,50108,319611,416659,669,21684,58880640,31904121,64,25
6,1,5,27727,36285,329762,443104,687,27053,55335610,34662968,64,26
6,8,5,34876,34966,345133,456196,712,34178,54558633,37228923,62,28
6,15,5,45064,35795,366125,472590,749,44332,51015108,42028563,62,28
6,22,5,46854,37327,388046,489293,743,46136,51930561,44676352,62,30
6,29,5,48641,35810,411494,503939,742,47921,51765395,48482983,62,31
6,5,6,45449,36117,434233,519927,781,44689,55275017,49720760,61,30
6,12,6,43613,36854,455376,533108,820,42814,56336915,51837259,60,28
6,19,6,39247,37913,473343,547716,868,38401,56666507,50833399,60,26
6,26,6,37591,35679,489823,559444,833,36771,54416373,51454868,60,24
6,3,7,37581,34745,505194,568437,756,36837,56446588,50672958,60,23
6,10,7,37892,33963,515305,575298,685,37218,57649724,47939229,60,23
6,17,7,33225,33515,518777,582048,564,32671,58944440,45149133,60,23
6,24,7,28200,34081,519661,583191,427,27780,59845219,42278706,60,23
6,31,7,24698,34656,516103,585143,402,24305,60953154,37654604,60,25
6,7,8,20390,36341,507716,590540,447,19950,56833125,32930830,60,26
6,14,8,18156,36200,501123,594617,508,17656,52498462,30797962,60,25
6,21,8,19148,30353,496874,599377,645,18513,48840106,28656651,60,24
6,28,8,20361,27658,492999,605219,733,19638,44828585,28537727,60,23
6,4,9,23103,23578,492353,607101,745,22366,42670642,30647675,60,22
6,11,9,25678,22215,494407,604934,834,24854,40993759,34967372,60,22
6,18,9,27491,23800,498310,603946,888,26615,38699777,39834979,60,22
6,25,9,26354,28310,502616,600687,869,25497,35600393,43124108,60,23
6,2,10,24042,29327,504838,597870,873,23179,33095983,43833138,60,22
6,9,10,21331,34681,506366,596016,942,20399,28980763,42525288,60,22
6,16,10,18179,37833,507613,597069,864,17323,26649684,39947973,60,22
6,23,10,15866,46545,506761,569542,755,15117,25462458,37140958,60,21
6,30,10,16326,49156,506103,539607,706,15625,24998285,34854559,60,20
6,6,11,26862,48316,513336,513830,637,26230,24122034,40149877,60,20
6,13,11,28644,44314,520302,492289,483,28167,23892299,48006868,60,20
6,20,11,27503,40659,525763,473276,416,27094,24580696,51594567,60,19
6,27,11,26065,30746,529780,485445,363,25710,24339538,53901362,60,19
6,4,12,23938,32364,533005,509155,263,23682,22974580,55599751,60,18
6,11,12,11514,32588,528228,531862,218,11302,22190084,50300997,60,17
6,18,12,8162,31707,523087,553187,246,7920,22045417,41280046,60,17
6,25,12,8511,29875,519510,572255,234,8282,19721367,36087546,60,18
6,1,1,9314,28151,517527,584686,250,9067,18844018,32508659,60,20
6,8,1,10193,22563,514484,586977,271,9926,18629669,29942793,60,21
6,15,1,15163,20836,515762,584003,274,14892,17974461,28627338,60,24
6,22,1,16519,21324,518659,578701,277,16245,17029350,28486140,60,26
6,29,1,18969,22405,523685,568964,309,18664,17315007,29941314,60,26
6,5,2,19279,23733,529503,560204,357,18926,16725088,31152575,60,26
6,12,2,18717,23605,537770,548439,363,18358,16348139,32029090,60,27
6,19,2,17703,23353,545016,535436,379,17328,16441016,33890349,60,25
6,26,2,20982,23222,554316,521344,348,20638,16317231,38358059,60,22
6,5,3,19618,23704,561942,508067,376,19245,16287460,42061011,60,21
6,12,3,20129,22043,569265,493985,349,19783,16426743,43876545,60,19
6,19,3,20721,21511,572377,484530,371,20354,16146394,45434310,60,15
6,26,3,17244,20159,570798,478174,366,16882,16560130,45193562,60,13
6,2,4,12446,19151,563571,473696,372,12078,16671468,41883260,60,12
6,9,4,10974,17578,554631,470619,294,10684,16262683,37295289,60,12
6,16,4,9655,17942,544843,471797,283,9375,16687176,34295926,60,13
6,23,4,10827,18004,539796,473475,307,10526,17401761,32360851,60,14
6,30,4,12798,18043,538132,475939,313,12493,19378995,31541678,60,15
6,7,5,13775,18421,538321,480084,324,13459,22292431,30766046,60,15
6,14,5,13910,18969,538490,485118,326,13593,24391029,30611460,60,15
6,21,5,14408,18889,539064,490408,334,14084,25847583,30388354,60,14
6,28,5,12578,17995,538104,495136,307,12279,27135418,30196166,60,13
6,4,6,11340,17514,535645,499245,345,11001,27272287,33116819,60,13
6,11,6,11120,17352,533756,502727,382,10744,25216515,34824184,60,13
6,18,6,11547,17358,533185,506733,430,11122,23451163,35373803,60,13
6,25,6,12014,16597,531734,510465,436,11582,21752306,35278658,60,15
6,2,7,12581,16634,530440,514982,414,12171,20572168,35884093,60,17
6,9,7,12503,16851,529011,519798,358,12148,18620335,32739882,60,18
6,16,7,12277,16403,527440,524175,331,11948,17974884,31334620,60,19
6,23,7,11530,15498,525384,527969,337,11196,18694947,31810898,60,20
6,30,7,10048,15328,523932,531218,342,9709,18452953,32254466,60,19
6,6,8,8479,17005,521024,535711,337,8144,16829862,30902528,60,19
6,13,8,6707,19114,516912,542232,326,6384,15855420,29131372,60,19
6,20,8,6047,21394,512114,551249,365,5686,15637921,27556940,60,20
6,27,8,5815,23273,506186,561998,333,5485,14599117,24303117,60,21
6,3,9,6312,24756,500245,573433,335,5981,15659574,22258591,60,21
6,10,9,6645,25075,495274,582815,369,6279,18307569,21658261,60,22
6,17,9,7903,24841,491585,590912,421,7486,19001702,22268299,60,22
6,24,9,8240,24452,489043,597681,405,7838,18999466,24713648,60,22
6,1,10,8575,24586,488486,603246,415,8163,19757719,26246964,60,22
6,8,10,8600,25047,489196,608740,418,8185,19526273,28551008,60,26
6,15,10,23679,25635,492632,617453,442,23241,18474469,32793884,48,23
6,22,10,23193,32952,495836,631388,419,22779,19967719,35725540,48,26
6,29,10,22998,35370,498703,646912,397,22606,20444228,36447347,48,28
6,5,11,23047,43141,501431,0,394,22658,19892200,47933602,48,32
6,12,11,23456,49696,504619,677303,384,23077,18549335,58288942,48,33
6,19,11,8695,50905,506096,701468,452,8248,17562598,57419111,60,39
6,26,11,8224,44619,507463,720721,441,7788,15642175,57292646,60,40
6,3,12,7905,42906,508939,728404,418,7491,15062590,60183293,60,39
6,10,12,7230,35967,508723,728634,398,6836,14854213,52247515,60,35
6,17,12,6504,29783,507420,711925,391,6117,14719008,41426556,60,34
6,24,12,6524,27891,506170,700598,283,6244,14721299,41069250,60,36
6,31,12,6861,27323,504322,691671,287,6577,14490787,40406047,60,32
6,7,1,7405,27858,500066,689185,313,7095,14369917,37773925,60,28
6,14,1,7594,27475,494628,692502,315,7282,13973780,35784791,60,27
6,21,1,8272,28104,487668,698737,343,7932,14662058,37553220,60,23
6,28,1,8338,29195,478538,705861,363,7979,14319557,39180570,60,16
6,4,2,8654,30558,468640,713331,384,8274,14228172,38914978,60,14
6,11,2,7967,30429,459208,721319,371,7599,14907492,37135209,60,13
6,18,2,7625,30990,449863,725922,366,7261,14694012,37471727,60,15
6,25,2,6650,30451,439971,730049,308,6344,13739949,35768271,60,15
6,4,3,6406,30749,430100,733866,273,6135,13574589,32221128,60,16
6,11,3,5863,27757,420008,734142,251,5613,13854287,30265479,60,16
6,18,3,6226,27750,410465,730359,247,5981,13575657,29803082,60,16
6,25,3,6032,27015,401216,730332,244,5790,13874379,30872265,60,16
6,1,4,6372,30082,392490,733295,252,6122,15181236,32800683,60,15
6,8,4,6405,29395,384150,737111,257,6150,15223870,33526427,60,15
6,15,4,6171,30762,375974,744633,230,5943,14357614,32945280,60,14
6,22,4,5917,30581,367450,755650,225,5693,15990065,30451618,60,14
6,29,4,6234,31752,359253,766164,213,6022,16903936,25188466,60,16
6,6,5,6663,29455,351248,768567,211,6454,15594103,20077262,60,18
6,13,5,7116,29195,343359,771319,230,6888,15333454,16212651,60,20
6,20,5,7385,30590,335361,775342,259,7128,15157691,14945386,60,21
6,27,5,7100,31479,327026,780472,276,6827,12357078,14511905,60,20
6,3,6,6860,31574,318392,786038,297,6566,10661218,13713862,60,19
6,10,6,6161,31566,309875,796976,329,5834,9976884,12640766,60,17
6,17,6,5581,31399,301260,806949,334,5252,9597494,12463676,60,15
6,24,6,5642,30944,292774,815268,334,5314,9382120,12375221,60,14
6,1,7,5961,30141,284375,821549,353,5613,8414279,12411793,60,14
6,8,7,6337,33438,276221,831665,396,5947,8054846,13407343,60,13
6,15,7,6777,37305,267963,841865,418,6363,7826785,15288182,60,13
6,22,7,6517,38832,259239,853083,392,6128,7541783,16170079,60,12
6,29,7,6078,37960,250017,864333,378,5702,6868427,15570032,60,12
6,5,8,5730,37226,240544,875595,337,5395,6958681,15029174,60,12
6,12,8,5243,32390,230683,881195,275,4970,6888350,14861206,60,12
6,19,8,4901,27996,220571,885718,211,4692,6779998,14035159,66,12
6,26,8,5309,27099,210850,888579,205,5105,8097325,13514374,69,13
6,2,9,5795,28047,201481,892642,201,5597,8208251,13954486,71,13
6,9,9,5650,28649,191888,898238,179,5473,7924980,13597662,74,13
6,16,9,5453,29086,182114,904374,163,5292,7525883,12147001,76,13
6,23,9,5041,29230,171790,911673,153,4890,7229923,11306559,73,14
6,30,9,4599,29490,161236,920557,138,4462,5389371,8869391,72,15
6,7,10,3848,28894,150308,928947,106,3743,5172196,7432700,70,15
6,14,10,3477,38350,139586,945868,96,3383,5142520,6872875,65,15
6,21,10,3548,38693,129619,0,89,3460,5213594,6354972,62,14
6,28,10,3427,39088,120384,0,84,3345,13116151,4607754,58,12
6,4,11,2913,38825,111354,0,76,2838,13087105,5517764,54,11
6,11,11,2810,38363,103503,981529,89,2722,20701080,4975680,53,11
6,18,11,2936,28295,96446,1019264,101,2835,20915355,4558241,52,12
6,25,11,3107,28694,89965,1060889,116,2991,20690944,4501715,50,13
6,2,12,3230,27662,84410,1104738,142,3088,12729841,5491714,47,15
6,9,12,3333,27265,79872,1142361,140,3194,12781761,5664972,44,17
6,16,12,3342,28185,75885,1165221,137,3205,5389346,5703452,41,18
6,23,12,3359,26977,72644,0,126,3234,5056524,5319397,37,19
6,30,12,3037,24648,0,0,127,2911,5129081,5047302,35,20
6,6,1,3787,26596,68241,1190772,133,3654,5146456,4449411,35,25
6,13,1,3968,28582,0,0,197,3772,5525791,4322110,34,26
6,20,1,4573,28407,64158,1218749,246,4329,8109344,10487660,33,28
6,27,1,4783,30709,60309,1246464,288,4497,9002696,13422983,33,30
6,3,2,4869,33850,56638,1273989,299,4572,9453599,14806699,33,31
6,10,2,4262,33243,53353,1301106,297,3967,9597268,16516049,31,28
6,17,2,4052,32488,52047,1325776,254,3800,9548509,17097695,31,28
6,24,2,3439,32454,51000,1346132,214,3227,7030929,10826823,31,30
6,3,3,3164,26916,0,0,187,2979,6392105,8673502,30,28
6,10,3,2848,0,0,0,173,2677,6152200,7801278,30,28
6,17,3,0,0,0,0,0,0,6341725,6628651,30,30
6,24,3,0,0,0,0,0,0,6568580,6205450,26,28
6,31,3,0,24772,0,0,0,0,6967720,5847517,25,28
6,7,4,0,25199,0,0,0,0,6784267,5590446,24,28
6,14,4,0,24749,0,0,0,0,6567585,5980633,24,26
6,21,4,0,25164,0,0,0,0,5984961,5770562,31,27
6,28,4,0,30214,0,0,0,0,5464767,5240934,34,26
6,5,5,0,31779,0,0,0,0,4493573,5774423,34,28
6,12,5,0,32482,0,0,0,0,4317170,5668722,34,27
6,19,5,0,35124,0,0,0,0,4026228,5294103,32,28
6,26,5,0,35163,0,0,0,0,4005191,5549459,26,27
6,2,6,0,34837,0,0,0,0,3729004,5287214,26,27
6,9,6,0,35372,0,0,0,0,3533145,4605329,27,26
6,16,6,0,34028,0,0,0,0,3305670,4024433,27,28
6,23,6,0,31170,0,0,0,0,3284713,3135313,27,28
6,30,6,0,30578,0,0,0,0,3222532,2287321,26,31
6,7,7,0,32129,0,0,0,0,2999925,2114877,26,33
6,14,7,0,31313,0,0,0,0,2891800,1947104,25,34
6,21,7,2425,31165,46911,1396366,0,0,2763704,1722933,25,35
6,28,7,2213,30819,42925,1442096,0,0,2604411,1717655,26,36
6,4,8,1969,31036,39046,1482980,142,2290,2340791,1890990,0,0
6,11,8,1838,29847,35199,1520605,110,2079,2268561,2009021,0,0
6,18,8,1880,29826,31452,1554690,94,1859,2257336,2112880,0,0
6,25,8,1843,30089,31016,1555454,79,1716,2208227,2217974,0,0
6,1,9,1688,30344,30613,1556411,61,1630,2122417,2371220,0,0
6,8,9,1417,30517,29879,1557946,52,1366,2548631,2221130,0,0
6,15,9,1214,31200,29057,1559343,46,1169,2766651,2686553,0,0
6,22,9,956,31497,28080,1561153,31,925,2929327,3086090,0,0
6,29,9,1121,32470,27340,1564760,25,1096,3176733,3233185,0,0
6,6,10,1406,33942,26942,1571270,26,1381,3410243,3368879,0,0
6,13,10,1712,35002,27104,1580820,33,1680,3040992,4265236,0,0
6,20,10,2391,35701,27906,1592706,42,2351,2907328,5461880,0,0
6,27,10,2806,36548,28846,1607029,47,2762,2706089,9445841,0,0
6,3,11,0,0,0,0,0,0,0,0,0,0
